,Precision,Recall,Accuracy,Substitution Error,Miss Error,False Alarm Error,Total Error,Chroma Precision,Chroma Recall,Chroma Accuracy,Chroma Substitution Error,Chroma Miss Error,Chroma False Alarm Error,Chroma Total Error,track
0,0.790787994413,0.340026172386,0.311962691348,0.0770962323483,0.582877595266,0.0128615793277,0.672835406942,0.881204646884,0.378903884842,0.360490018908,0.038218519893,0.582877595266,0.0128615793277,0.633957694486,MAPS_MUS-chpn_op35_1_ENSTDkAm
1,0.784870150973,0.700363818513,0.587569809234,0.0920882655348,0.207547915953,0.0998787271625,0.39951490865,0.821254468638,0.73283066621,0.632022918988,0.0596214178377,0.207547915953,0.0998787271625,0.367048060953,MAPS_MUS-bach_846_SptkBGAm
2,0.811705434666,0.59651499874,0.524005259152,0.0597271237711,0.343757877489,0.0786488530376,0.482133854298,0.854796869975,0.628182505672,0.567613353264,0.0280596168389,0.343757877489,0.0786488530376,0.450466347366,MAPS_MUS-ty_mai_SptkBGAm
3,0.886531535691,0.434145073034,0.411290927201,0.0440690996247,0.521785827341,0.0114977614978,0.577352688464,0.938152183951,0.459424320535,0.44591851291,0.0187898521232,0.521785827341,0.0114977614978,0.552073440962,MAPS_MUS-mz_332_2_ENSTDkCl
4,0.881011915006,0.607205899796,0.561184155377,0.0454415427658,0.347352557439,0.0365667320184,0.429360832223,0.905763137382,0.624264793096,0.586191986163,0.0283826494659,0.347352557439,0.0365667320184,0.412301938923,MAPS_MUS-mz_333_2_StbgTGd2
5,0.687615907686,0.584362139918,0.461772642358,0.0675072235356,0.348130636547,0.197968654233,0.613606514316,0.699670307027,0.594606426758,0.473702566964,0.0572629366956,0.348130636547,0.197968654233,0.603362227476,MAPS_MUS-grieg_elfentanz_AkPnBsdf
6,0.633619538256,0.324436281215,0.273186462429,0.0748954628942,0.600668255891,0.112704677791,0.788268396577,0.674833047128,0.345539098832,0.296219367159,0.0537926452773,0.600668255891,0.112704677791,0.76716557896,MAPS_MUS-mos_op36_6_AkPnBsdf
7,0.938943779571,0.236060211141,0.232491428768,0.0146766843638,0.749263104495,0.000673483132309,0.764613271991,0.982552880601,0.247023991743,0.245945181025,0.00371290376188,0.749263104495,0.000673483132309,0.753649491389,MAPS_MUS-bk_xmas5_StbgTGd2
8,0.931666807693,0.299418830513,0.292984623572,0.014859447112,0.685721722375,0.00710145603158,0.707682625519,0.946438284961,0.304166083943,0.299018877724,0.0101121936817,0.685721722375,0.00710145603158,0.702935372088,MAPS_MUS-schu_143_1_AkPnBcht
9,0.935665966877,0.529140173601,0.510564635202,0.0284146373638,0.442445189035,0.00796770704166,0.478827533441,0.954140424539,0.539587895417,0.525947641825,0.0179669155476,0.442445189035,0.00796770704166,0.468379811624,MAPS_MUS-chpn-p4_AkPnBcht
10,0.807063156754,0.190900821258,0.182568953476,0.0415241316575,0.767575047085,0.00411269554522,0.813211874287,0.876123930235,0.207236294218,0.201336851801,0.0251886586975,0.767575047085,0.00411269554522,0.796876401327,MAPS_MUS-liz_et3_AkPnStgb
11,0.90060925707,0.408143080854,0.390551677905,0.0262507211737,0.565606197972,0.0187917250474,0.610648644194,0.920523779213,0.417168054067,0.402665075577,0.0172257479601,0.565606197972,0.0187917250474,0.60162367098,MAPS_MUS-scn15_13_AkPnStgb
12,0.939953369262,0.66445110913,0.63739567674,0.0249925697766,0.310556321094,0.0174542703521,0.353003161222,0.956694568666,0.676285428656,0.656197567114,0.0131582502499,0.310556321094,0.0174542703521,0.341168841696,MAPS_MUS-chpn-p2_SptkBGCl
13,0.838584989896,0.703915187377,0.619920270282,0.058875739645,0.237209072978,0.076617357002,0.372702169625,0.860378777198,0.722209072978,0.646446100067,0.0405818540434,0.237209072978,0.076617357002,0.354408284024,MAPS_MUS-mz_331_2_AkPnBcht
14,0.793699712982,0.417919877115,0.376970780491,0.0788717389689,0.503208383916,0.0297549736144,0.611835096499,0.864089775561,0.454983524515,0.424597990821,0.041808091569,0.503208383916,0.0297549736144,0.574771449099,MAPS_MUS-scn16_4_AkPnBsdf
15,0.691833792109,0.335249468034,0.291690845284,0.111188744561,0.553561787404,0.0381427255693,0.702893257535,0.808821601783,0.3919395306,0.358708289734,0.0544986819957,0.553561787404,0.0381427255693,0.646203194969,MAPS_MUS-chpn-p19_AkPnBsdf
16,0.782606165247,0.409773786911,0.367896911165,0.0849086310401,0.505317582049,0.0289191138379,0.619145326927,0.890585291094,0.466311822605,0.441044510842,0.0283705953457,0.505317582049,0.0289191138379,0.562607291233,MAPS_MUS-schumm-1_AkPnStgb
17,0.915684662465,0.31835360625,0.309287257019,0.0235335217709,0.658112871979,0.00578016324197,0.687426556992,0.953046496757,0.331343093975,0.326021061842,0.0105440340458,0.658112871979,0.00578016324197,0.674437069267,MAPS_MUS-chpn-p19_StbgTGd2
18,0.811508431673,0.439802917593,0.399039304372,0.0671625929862,0.493034489421,0.034991788233,0.595188870641,0.866893650398,0.469819341126,0.438207916956,0.0371461694522,0.493034489421,0.034991788233,0.565172447107,MAPS_MUS-schub_d760_1_AkPnBcht
19,0.890424136423,0.521823803748,0.4903364582,0.0424517826332,0.435724413619,0.0217640125049,0.499940208757,0.914473108876,0.535917453918,0.510338208261,0.0283581324632,0.435724413619,0.0217640125049,0.485846558587,MAPS_MUS-alb_esp6_SptkBGCl
20,0.800609051564,0.50494364675,0.448537479154,0.0674818588853,0.427574494365,0.0582738922341,0.553330245484,0.856412666706,0.540138953219,0.49528566332,0.0322865524162,0.427574494365,0.0582738922341,0.518134939015,MAPS_MUS-mz_332_1_AkPnBsdf
21,0.890218905006,0.263411811005,0.255124416482,0.0265342500637,0.710053938931,0.00594948723291,0.742537676228,0.92927443709,0.274968169086,0.269331761185,0.0149778919832,0.710053938931,0.00594948723291,0.730981318147,MAPS_MUS-chp_op31_AkPnBcht
22,0.866181189603,0.67346530265,0.609997733674,0.0312622872299,0.29527241012,0.0727832943716,0.399317991722,0.878115834092,0.68274461864,0.623644187884,0.0219829712398,0.29527241012,0.0727832943716,0.390038675732,MAPS_MUS-mz_330_1_SptkBGCl
23,0.733910797052,0.411926931552,0.358400019789,0.119766863317,0.468306205132,0.0295827706305,0.617655839079,0.810652685966,0.455000355391,0.411290011694,0.0766934394769,0.468306205132,0.0295827706305,0.574582415239,MAPS_MUS-muss_1_ENSTDkAm
24,0.870586658497,0.428080515177,0.402469572914,0.0475728703773,0.524346614446,0.0160616103035,0.587981095127,0.909052615455,0.446994803043,0.427860786187,0.0286585825111,0.524346614446,0.0160616103035,0.569066807261,MAPS_MUS-ty_januar_AkPnStgb
25,0.61321138964,0.34436080845,0.282910246336,0.142726440988,0.512912750561,0.0744822423688,0.730121433918,0.740956048432,0.416098311569,0.363255155388,0.0709889378691,0.512912750561,0.0744822423688,0.658383930799,MAPS_MUS-mz_331_3_ENSTDkCl
26,0.903789319678,0.486624023191,0.462657279808,0.0219309301739,0.491445046635,0.0298714393748,0.543247416184,0.926320409656,0.498755356693,0.479724200636,0.00979959667255,0.491445046635,0.0298714393748,0.531116082682,MAPS_MUS-ty_mai_StbgTGd2
27,0.818648128775,0.344788868517,0.320322712688,0.0664023081624,0.58880882332,0.00997740161173,0.665188533095,0.933047615834,0.392970337839,0.382193163126,0.0182208388408,0.58880882332,0.00997740161173,0.617007063773,MAPS_MUS-chpn-p24_AkPnBcht
28,0.778396048235,0.19071231014,0.180890932663,0.0445447458629,0.764742943997,0.00974972502145,0.819037414881,0.867920964696,0.212646521744,0.205980925585,0.0226105342593,0.764742943997,0.00974972502145,0.797103203278,MAPS_MUS-liz_rhap12_ENSTDkAm
29,0.820128800359,0.474840819562,0.430053964301,0.0763818348487,0.448777345589,0.0277605728018,0.552919753239,0.879608036115,0.509278299433,0.476092318738,0.0419443549786,0.448777345589,0.0277605728018,0.518482273369,MAPS_MUS-scn16_4_AkPnCGdD
30,0.82219032611,0.41326875536,0.379363204816,0.0620150345593,0.52471621008,0.0273598708441,0.614091115484,0.903271135914,0.454023510418,0.432972330609,0.0212602795015,0.52471621008,0.0273598708441,0.573336360426,MAPS_MUS-appass_1_SptkBGCl
31,0.730606983829,0.318847546382,0.285305072802,0.0846339517663,0.596518501851,0.0329330905967,0.714085544214,0.851253808296,0.371499580666,0.348853737479,0.0319819174832,0.596518501851,0.0329330905967,0.661433509931,MAPS_MUS-scn16_3_ENSTDkCl
32,0.883259003377,0.575009230356,0.534395495559,0.0480314167758,0.376959352868,0.0279679790555,0.452958748699,0.907452759661,0.590759574397,0.557189439027,0.0322810727352,0.376959352868,0.0279679790555,0.437208404659,MAPS_MUS-alb_se8_SptkBGAm
33,0.859136233137,0.479034701184,0.444150082191,0.0420855136326,0.478879785183,0.0364568989259,0.557422197742,0.918593523292,0.51218672542,0.489947804324,0.00893348939686,0.478879785183,0.0364568989259,0.524270173506,MAPS_MUS-br_im5_SptkBGCl
34,0.908012359365,0.315704444809,0.305920216147,0.0279891750041,0.656306380187,0.0039937674266,0.688289322618,0.947708564285,0.329506314581,0.323622510209,0.0141873052321,0.656306380187,0.0039937674266,0.674487452846,MAPS_MUS-alb_se3_AkPnBcht
35,0.816478989289,0.527978403467,0.471967908892,0.0798029789955,0.392218617538,0.0388713916976,0.510892988231,0.859360981415,0.555708162637,0.509382563301,0.0520732198252,0.392218617538,0.0388713916976,0.483163229061,MAPS_MUS-alb_se4_AkPnBsdf
36,0.804542366874,0.603117320167,0.526040359177,0.092368322005,0.304514357828,0.054154581885,0.451037261718,0.87315041791,0.654548674918,0.597711374388,0.0409369672549,0.304514357828,0.054154581885,0.399605906967,MAPS_MUS-bor_ps6_AkPnBsdf
37,0.786042504308,0.522869930681,0.45772511169,0.0690737405163,0.408056328803,0.0732492767862,0.550379346106,0.830680233035,0.552562633044,0.4966273394,0.0393810381529,0.408056328803,0.0732492767862,0.520686643742,MAPS_MUS-grieg_butterfly_ENSTDkAm
38,0.808267997149,0.324673546363,0.30145631068,0.0675127282686,0.607813725368,0.00950418881406,0.684830642451,0.889754873098,0.357406047328,0.342249718383,0.0347802273038,0.607813725368,0.00950418881406,0.652098141486,MAPS_MUS-schuim-1_ENSTDkCl
39,0.814717172609,0.428801997155,0.390701537225,0.0830677233011,0.488130279544,0.0144503468896,0.585648349734,0.888391281327,0.467578159018,0.441635638808,0.0442915614386,0.488130279544,0.0144503468896,0.546872187872,MAPS_MUS-mond_1_SptkBGAm
40,0.796391147033,0.367229312474,0.335710324063,0.0716344174557,0.56113627007,0.0222530389374,0.655023726463,0.863469761759,0.398160386557,0.374578292377,0.0407033433728,0.56113627007,0.0222530389374,0.62409265238,MAPS_MUS-deb_menu_ENSTDkCl
41,0.823364061014,0.306967963166,0.288001966476,0.0541871351789,0.638844901655,0.0116665703443,0.704698607178,0.908137323798,0.338573272458,0.327361660594,0.0225818258876,0.638844901655,0.0116665703443,0.673093297887,MAPS_MUS-liz_et_trans4_SptkBGAm
42,0.836986000147,0.428287450304,0.395312608184,0.0658240192034,0.505888530493,0.0175905783512,0.589303128047,0.904309902514,0.462737229015,0.441137034057,0.0313742404921,0.505888530493,0.0175905783512,0.554853349336,MAPS_MUS-alb_esp2_AkPnStgb
43,0.656983429151,0.272006832724,0.238181060272,0.140308872741,0.587684294535,0.00170818106719,0.729701348343,0.946601285086,0.391915543048,0.383438356164,0.0204001624172,0.587684294535,0.00170818106719,0.60979263802,MAPS_MUS-muss_4_AkPnBsdf
44,0.84565812792,0.526074900611,0.479989026732,0.0723616075903,0.401563491798,0.0236528246417,0.49757792403,0.900220181515,0.560017372131,0.527287597119,0.0384191360706,0.401563491798,0.0236528246417,0.463635452511,MAPS_MUS-muss_3_SptkBGCl
45,0.799283790583,0.457745762712,0.410553038825,0.0560338983051,0.486220338983,0.0589152542373,0.601169491525,0.853384237474,0.488728813559,0.450870938487,0.0250508474576,0.486220338983,0.0589152542373,0.570186440678,MAPS_MUS-chpn_op25_e3_SptkBGAm
46,0.864661834878,0.363765536352,0.344169513257,0.0442299329497,0.592004530699,0.0127071934952,0.648941657143,0.914914842726,0.384907110567,0.371605293862,0.0230883587342,0.592004530699,0.0127071934952,0.627800082928,MAPS_MUS-bk_xmas1_ENSTDkAm
47,0.864902817404,0.513715677708,0.475556100251,0.0488521725316,0.43743214976,0.031389837689,0.517674159981,0.909727175464,0.540339449784,0.512841777242,0.0222284004554,0.43743214976,0.031389837689,0.491050387905,MAPS_MUS-chpn_op33_2_SptkBGAm
48,0.782444269921,0.32671913627,0.299510674511,0.0691287018818,0.604152161849,0.0217143433732,0.694995207104,0.882172415876,0.368361838454,0.351088179571,0.0274859996973,0.604152161849,0.0217143433732,0.653352504919,MAPS_MUS-appass_1_AkPnBsdf
49,0.760728089591,0.224383209261,0.209591247918,0.059262579413,0.716354211326,0.0113127021865,0.786929492926,0.858676621189,0.253273960323,0.243138832245,0.0303718283509,0.716354211326,0.0113127021865,0.758038741864,MAPS_MUS-liz_et2_AkPnStgb
50,0.841516915549,0.598045387775,0.537506062402,0.0828012111401,0.319153401085,0.0298288215367,0.431783433762,0.898844174471,0.638786461612,0.59594462313,0.0420601373025,0.319153401085,0.0298288215367,0.391042359924,MAPS_MUS-scn15_5_SptkBGCl
51,0.724244952445,0.341618524407,0.302298370247,0.105262329403,0.55311914619,0.0248083492058,0.683189824799,0.824028032705,0.388685126009,0.358895348837,0.0581957278008,0.55311914619,0.0248083492058,0.636123223196,MAPS_MUS-br_im6_AkPnStgb
52,0.914763458401,0.355411186817,0.344018404908,0.0255990422367,0.618989770947,0.00751773798834,0.652106551172,0.950154069241,0.369161428898,0.362147878202,0.0118488001549,0.618989770947,0.00751773798834,0.63835630909,MAPS_MUS-chpn-p21_AkPnBsdf
53,0.776718326126,0.269590226212,0.250200078734,0.0570448369249,0.673364936863,0.0204537297292,0.750863503517,0.851830463861,0.295660807428,0.28119929422,0.0309742557089,0.673364936863,0.0204537297292,0.724792922301,MAPS_MUS-waldstein_1_AkPnBsdf
54,0.858288954976,0.69268176966,0.621591670371,0.0585653784702,0.24875285187,0.0558024656903,0.363120696031,0.894676326164,0.722048183524,0.665481319529,0.0291989646054,0.24875285187,0.0558024656903,0.333754282166,MAPS_MUS-mz_333_2_AkPnCGdD
55,0.808411065679,0.276377436794,0.259387572069,0.0519521651286,0.671670398078,0.0135477529624,0.737170316169,0.890684896499,0.304504996451,0.293534904776,0.0238246054715,0.671670398078,0.0135477529624,0.709042756512,MAPS_MUS-pathetique_1_StbgTGd2
56,0.911319728762,0.552964580301,0.524729499517,0.0365259582727,0.410509461426,0.017282872392,0.464318292091,0.941658137155,0.571373119845,0.551837897618,0.0181174187288,0.410509461426,0.017282872392,0.445909752547,MAPS_MUS-muss_2_AkPnCGdD
57,0.841145788206,0.247141126035,0.236120502206,0.0399020396526,0.712956834313,0.00677168721933,0.759630561184,0.908070078153,0.266804476442,0.259787517785,0.0202386892457,0.712956834313,0.00677168721933,0.739967210778,MAPS_MUS-chpn_op27_2_AkPnStgb
58,0.792851267747,0.20529666412,0.194845542031,0.0466189781698,0.74808435771,0.00701900594949,0.801722341829,0.86521474806,0.22403407644,0.216478841104,0.0278815658495,0.74808435771,0.00701900594949,0.782984929509,MAPS_MUS-chp_op31_AkPnStgb
59,0.863121433236,0.424121935056,0.397393412943,0.0466185344076,0.529259530536,0.0206410658854,0.596519130829,0.912878680333,0.44857172753,0.430156797688,0.0221687419344,0.529259530536,0.0206410658854,0.572069338356,MAPS_MUS-chpn_op66_AkPnBcht
60,0.941496145955,0.26813013266,0.26373592233,0.0128079595704,0.71906190777,0.00385344283007,0.735723310171,0.962346808629,0.274068224889,0.271160486883,0.00686986734049,0.71906190777,0.00385344283007,0.729785217941,MAPS_MUS-deb_clai_StbgTGd2
61,0.772174254317,0.652931415929,0.547465566016,0.0641039823009,0.28296460177,0.128539823009,0.47560840708,0.783163265306,0.662223451327,0.559616732882,0.0548119469027,0.28296460177,0.128539823009,0.466316371681,MAPS_MUS-scn15_2_SptkBGCl
62,0.739519527347,0.439575479006,0.380640400698,0.1006558901,0.459768630894,0.0541754893353,0.614600010329,0.819192840697,0.486933842896,0.439680096997,0.0532975262098,0.459768630894,0.0541754893353,0.567241646439,MAPS_MUS-chpn_op10_e05_SptkBGAm
63,0.794669882127,0.375591714256,0.342366124911,0.066446457856,0.557961827888,0.0306004954698,0.655008781214,0.854024657332,0.403645076123,0.377593541578,0.0383930959886,0.557961827888,0.0306004954698,0.626955419347,MAPS_MUS-alb_se6_AkPnStgb
64,0.881999718396,0.539517681629,0.503196662052,0.052604113892,0.407878204479,0.0195764515148,0.480058769886,0.919527568185,0.56247340156,0.536084714335,0.0296483939609,0.407878204479,0.0195764515148,0.457103049954,MAPS_MUS-scn16_2_SptkBGCl
65,0.872662684936,0.609011905086,0.55930846406,0.0278965864821,0.363091508432,0.0609692974092,0.451957392323,0.895772338681,0.625139619146,0.582751352312,0.0117688724222,0.363091508432,0.0609692974092,0.435829678263,MAPS_MUS-grieg_butterfly_StbgTGd2
66,0.823611235753,0.501297282534,0.452695703645,0.0684145841868,0.430288133279,0.0389457872457,0.537648504711,0.902988423225,0.54961081524,0.518967429146,0.0201010514816,0.430288133279,0.0389457872457,0.489334972006,MAPS_MUS-grieg_butterfly_ENSTDkCl
67,0.903959023966,0.291953347141,0.283169833805,0.0295705058448,0.678476147014,0.00144802892547,0.709494681785,0.963425900766,0.311159476252,0.307526844415,0.0103643767332,0.678476147014,0.00144802892547,0.690288552673,MAPS_MUS-bk_xmas5_ENSTDkCl
68,0.743439170582,0.54020570016,0.455322262597,0.140355781822,0.319438518017,0.0460691847034,0.505863484543,0.831625627734,0.604284684314,0.538412124072,0.0762767976693,0.319438518017,0.0460691847034,0.44178450039,MAPS_MUS-bor_ps2_SptkBGAm
69,0.853234867315,0.228055959847,0.21944748278,0.0365167568481,0.735427283305,0.00271120310598,0.774655243259,0.952385741584,0.254557394173,0.25135847411,0.0100153225218,0.735427283305,0.00271120310598,0.748153808933,MAPS_MUS-bk_xmas3_AkPnStgb
70,0.823689385381,0.473290701029,0.429753328967,0.0876766996827,0.439032599288,0.0136311183768,0.540340417348,0.925191414585,0.531613616694,0.509704038355,0.0293537840177,0.439032599288,0.0136311183768,0.482017501683,MAPS_MUS-chpn-p9_AkPnBsdf
71,0.846312961719,0.297715911131,0.282445759369,0.0483089048281,0.653975184041,0.0057551101409,0.70803919901,0.918603089322,0.323146126877,0.314150796057,0.0228786890823,0.653975184041,0.0057551101409,0.682608983264,MAPS_MUS-pathetique_2_ENSTDkAm
72,0.885830891586,0.49976384461,0.469521326751,0.0406187271224,0.459617428268,0.0237926555674,0.524028810958,0.929468396819,0.524383044043,0.504315239609,0.0159995276892,0.459617428268,0.0237926555674,0.499409611524,MAPS_MUS-chpn-p11-format0_AkPnCGdD
73,0.881704508062,0.455726343092,0.429467273055,0.0441779875417,0.500095669367,0.0169653676893,0.561239024598,0.916790062521,0.47386100304,0.454321239299,0.0260433275932,0.500095669367,0.0169653676893,0.543104364649,MAPS_MUS-ty_maerz_ENSTDkAm
74,0.942076038083,0.351282667179,0.34385580468,0.0142294388932,0.634487893928,0.00736933128363,0.656086664105,0.963823290689,0.359391813989,0.354608281825,0.00612029208301,0.634487893928,0.00736933128363,0.647977517294,MAPS_MUS-bk_xmas1_StbgTGd2
75,0.764083670074,0.457027084666,0.400510839771,0.109191725315,0.433781190019,0.0319186749129,0.574891590247,0.857499405752,0.512902537855,0.472618891655,0.0533162721263,0.433781190019,0.0319186749129,0.519016137058,MAPS_MUS-chpn-p14_ENSTDkAm
76,0.663409032319,0.693748008725,0.513133327291,0.104624659951,0.201627331324,0.247359262799,0.553611254074,0.695118235721,0.726907335245,0.551178175872,0.0714653334314,0.201627331324,0.247359262799,0.520451927554,MAPS_MUS-bach_847_AkPnStgb
77,0.973105183292,0.213139918307,0.211891708585,0.00550157000289,0.78135851169,0.000389220771269,0.787249302464,0.988239757208,0.216454854764,0.215898731085,0.00218663354646,0.78135851169,0.000389220771269,0.783934366007,MAPS_MUS-bk_xmas5_AkPnBcht
78,0.832259167675,0.624013806706,0.554299930795,0.0589053254438,0.31708086785,0.0668639053254,0.442850098619,0.858591571526,0.64375739645,0.582045634903,0.0391617357002,0.31708086785,0.0668639053254,0.423106508876,MAPS_MUS-mz_331_2_AkPnBsdf
79,0.837931541061,0.421423610598,0.389662380959,0.0719637078303,0.506612681572,0.00954590457051,0.588122293972,0.923901865726,0.464660943064,0.447532840898,0.0287263753639,0.506612681572,0.00954590457051,0.544884961506,MAPS_MUS-br_im2_SptkBGAm
80,0.889369840265,0.453064380242,0.428893075403,0.0274696890374,0.519465930721,0.0288877254903,0.575823345249,0.907099250669,0.46209612831,0.441215319273,0.0184379409695,0.519465930721,0.0288877254903,0.566791597181,MAPS_MUS-mz_331_1_SptkBGCl
81,0.928017482611,0.420926662396,0.407618111158,0.0293374593543,0.54973587825,0.0033120988311,0.582385436436,0.972496868587,0.441101454181,0.435666614931,0.00916266756923,0.54973587825,0.0033120988311,0.56221064465,MAPS_MUS-chpn-p13_AkPnCGdD
82,0.777533296986,0.641441238836,0.541973750288,0.0995630662469,0.258995694917,0.0839651738097,0.442523934974,0.827303528312,0.682500160637,0.597390362903,0.0585041444452,0.258995694917,0.0839651738097,0.401465013172,MAPS_MUS-schub_d960_3_AkPnStgb
83,0.755043935006,0.350049499881,0.314350238609,0.101184583348,0.548765916772,0.0123806597708,0.66233115989,0.882087280939,0.408948668055,0.387751799143,0.0422854151731,0.548765916772,0.0123806597708,0.603431991716,MAPS_MUS-chpn_op10_e01_AkPnCGdD
84,0.879447749467,0.587727852374,0.543908365151,0.0479521416248,0.364320006001,0.0326119570925,0.444884104718,0.917471096644,0.613138549246,0.581089487248,0.0225414447528,0.364320006001,0.0326119570925,0.419473407846,MAPS_MUS-alb_esp2_AkPnCGdD
85,0.847866679886,0.594682460116,0.537345397803,0.0471311594161,0.358186380468,0.0595731364561,0.464890676341,0.867555687752,0.608492069471,0.556771001798,0.0333215500606,0.358186380468,0.0595731364561,0.451081066985,MAPS_MUS-mz_333_1_AkPnStgb
86,0.892284950327,0.508460718975,0.479056033426,0.0443475460199,0.447191735005,0.0170329261948,0.508572207219,0.932240603465,0.531229095954,0.511479789607,0.021579169041,0.447191735005,0.0170329261948,0.485803830241,MAPS_MUS-scn16_4_StbgTGd2
87,0.870830457787,0.317335904099,0.303070333453,0.0461061279235,0.636557967977,0.00096403722022,0.683628133121,0.953818725558,0.347577332551,0.34182485212,0.0158646994719,0.636557967977,0.00096403722022,0.653386704669,MAPS_MUS-chpn-p20_AkPnCGdD
88,0.605209861024,0.546302717014,0.402770031604,0.114038958583,0.339658324403,0.242324907016,0.696022190002,0.647950275857,0.584883061212,0.443838499809,0.0754586143857,0.339658324403,0.242324907016,0.657441845805,MAPS_MUS-grieg_kobold_AkPnCGdD
89,0.877353921541,0.577526067062,0.534383730414,0.0504838346711,0.371990098267,0.0302490435826,0.452722976521,0.909888607162,0.598942314905,0.565404429338,0.0290675868277,0.371990098267,0.0302490435826,0.431306728678,MAPS_MUS-alb_esp2_SptkBGCl
90,0.822566678213,0.272558373086,0.257423730192,0.0329399949787,0.694501631936,0.0258527312507,0.753294358165,0.876017492206,0.290269359062,0.27881514759,0.0152290090025,0.694501631936,0.0258527312507,0.735583372189,MAPS_MUS-schu_143_3_StbgTGd2
91,0.824867265673,0.294713130079,0.277358166681,0.0566535034519,0.648633366469,0.00591888662915,0.71120575655,0.924826424341,0.330427090078,0.321784464536,0.0209395434523,0.648633366469,0.00591888662915,0.675491796551,MAPS_MUS-bk_xmas4_ENSTDkCl
92,0.734460254627,0.486052109884,0.413404793448,0.128929481733,0.385018408383,0.0467997734353,0.560747663551,0.832352626511,0.550835457378,0.495825632528,0.0641461342396,0.385018408383,0.0467997734353,0.495964316058,MAPS_MUS-chpn-p14_AkPnCGdD
93,0.789965107263,0.500685983414,0.441864247506,0.0545305620969,0.44478345449,0.0785911743626,0.577905190949,0.824211682605,0.522391727245,0.470023583168,0.0328248182656,0.44478345449,0.0785911743626,0.556199447118,MAPS_MUS-liz_et5_AkPnCGdD
94,0.720988046123,0.32721991502,0.290441489815,0.0310632066639,0.641716878316,0.0955661713518,0.768346256331,0.74055855284,0.336101975658,0.300695846398,0.0221811460259,0.641716878316,0.0955661713518,0.759464195693,MAPS_MUS-grieg_zwerge_AkPnBcht
95,0.927967658949,0.564550688454,0.54084929404,0.0341525218461,0.4012967897,0.00967002664381,0.44511933819,0.962728163665,0.585698049226,0.572711703833,0.013005161074,0.4012967897,0.00967002664381,0.423971977418,MAPS_MUS-alb_esp5_SptkBGCl
96,0.852337373238,0.581832507879,0.528554629582,0.0816355245385,0.336531967582,0.0191636650158,0.437331157136,0.9326407783,0.636650157587,0.608662900188,0.0268178748312,0.336531967582,0.0191636650158,0.382513507429,MAPS_MUS-chpn-p6_SptkBGAm
97,0.725239167136,0.540696454793,0.448768172717,0.148311306902,0.310992238305,0.0565345080764,0.515838053283,0.810776589758,0.604468219006,0.529736188988,0.0845395426893,0.310992238305,0.0565345080764,0.452066289071,MAPS_MUS-chpn-p10_AkPnStgb
98,0.830123701683,0.397816242194,0.367868436153,0.0592941735652,0.542889584241,0.0221148387267,0.624298596533,0.886051188803,0.424618106442,0.402631546002,0.0324923093173,0.542889584241,0.0221148387267,0.597496732285,MAPS_MUS-chpn_op33_2_ENSTDkAm
99,0.917787846298,0.568709815688,0.541142402676,0.0291255893699,0.402164594942,0.0218174024861,0.453107586798,0.939473593193,0.582147449636,0.561103077876,0.0156879554222,0.402164594942,0.0218174024861,0.43966995285,MAPS_MUS-grieg_waechter_AkPnBcht
100,0.777210758573,0.227311072817,0.213405718618,0.0453742492303,0.727314677953,0.0197849896533,0.792473916837,0.858639646969,0.251126605187,0.241156309503,0.0215587168598,0.727314677953,0.0197849896533,0.768658384466,MAPS_MUS-schu_143_3_ENSTDkCl
101,0.455947868874,0.610705379409,0.353271509531,0.175365158532,0.213929462059,0.55334877093,0.942643391521,0.47509807833,0.636355539722,0.373653383537,0.149714998219,0.213929462059,0.55334877093,0.916993231208,MAPS_MUS-liz_et4_SptkBGCl
102,0.70684417136,0.236911354171,0.215715892991,0.0755457416137,0.687542904215,0.0227106310924,0.785799276921,0.804710701485,0.269713056611,0.253143624161,0.0427440391744,0.687542904215,0.0227106310924,0.752997574482,MAPS_MUS-liz_et_trans5_ENSTDkCl
103,0.801671756952,0.41055699162,0.372701999821,0.0561437015328,0.533299306848,0.0454253585129,0.634868366893,0.850506349462,0.435566458666,0.404591126677,0.0311342344864,0.533299306848,0.0454253585129,0.609858899847,MAPS_MUS-ty_november_ENSTDkAm
104,0.770139149415,0.36690334793,0.330690009922,0.0475583105182,0.585538341552,0.0619501019571,0.695046754028,0.815516182941,0.388521500353,0.357132989071,0.0259401580944,0.585538341552,0.0619501019571,0.673428601604,MAPS_MUS-liz_rhap09_SptkBGCl
105,0.829324708419,0.440593595418,0.403964404385,0.0582244207238,0.501181983858,0.032449882843,0.591856287425,0.876114868176,0.465451705285,0.436709169964,0.0333663108565,0.501181983858,0.032449882843,0.566998177558,MAPS_MUS-deb_menu_StbgTGd2
106,0.850750042137,0.567613157155,0.516209858867,0.0729828507169,0.359403992128,0.0265954456002,0.458982288445,0.910753413113,0.60764689345,0.573498195712,0.0329491144223,0.359403992128,0.0265954456002,0.418948552151,MAPS_MUS-grieg_halling_AkPnBsdf
107,0.689074139766,0.473174593508,0.389923219752,0.109108255689,0.417717150803,0.104398838885,0.631224245377,0.749497457727,0.514666179486,0.439129154615,0.0676166697115,0.417717150803,0.104398838885,0.5897326594,MAPS_MUS-mz_331_3_StbgTGd2
108,0.859048419284,0.397650109391,0.373294183871,0.0467871323232,0.555562758285,0.0184587958836,0.620808686492,0.90410671148,0.41850741431,0.400720004966,0.0259298274046,0.555562758285,0.0184587958836,0.599951381574,MAPS_MUS-chpn-p8_AkPnBcht
109,0.84891464355,0.208530397649,0.201068127733,0.0249908164202,0.766478785931,0.0121223252824,0.803591927633,0.900133186906,0.221111901919,0.215817544174,0.0124093121499,0.766478785931,0.0121223252824,0.791010423363,MAPS_MUS-liz_rhap10_AkPnBsdf
110,0.774490028305,0.605083561035,0.514446557462,0.0894325474995,0.305483891466,0.0867509690538,0.481667408019,0.811042066565,0.633640465146,0.552131205634,0.0608756433882,0.305483891466,0.0867509690538,0.453110503908,MAPS_MUS-mz_333_3_ENSTDkCl
111,0.863325281804,0.338665866523,0.321432318599,0.0330374909194,0.628296642557,0.0205773664761,0.681911499953,0.909661835749,0.356842803449,0.344629838636,0.0148605539939,0.628296642557,0.0205773664761,0.663734563027,MAPS_MUS-ty_mai_ENSTDkCl
112,0.928857322241,0.421188423591,0.408025718152,0.0294837234544,0.549327852955,0.00277577601623,0.581587352426,0.957404646052,0.434133148282,0.425906853332,0.0165389987634,0.549327852955,0.00277577601623,0.568642627735,MAPS_MUS-alb_se2_ENSTDkCl
113,0.849237232687,0.387422628586,0.362491180621,0.0337135136834,0.578863857731,0.0350645678198,0.647641939234,0.866421020008,0.395261884563,0.37255860098,0.0258742577057,0.578863857731,0.0350645678198,0.639802683256,MAPS_MUS-alb_esp3_AkPnCGdD
114,0.863619409944,0.601368724515,0.549211921394,0.0502558242215,0.348375451264,0.0447108017557,0.443342077241,0.890884338518,0.62035425811,0.576547545772,0.0312702906267,0.348375451264,0.0447108017557,0.424356543646,MAPS_MUS-ty_oktober_SptkBGAm
115,0.869651332262,0.736004807388,0.662878140489,0.0221392877475,0.241855904864,0.0881776203428,0.352172812955,0.879068724541,0.743974950977,0.674901015665,0.0141691441584,0.241855904864,0.0881776203428,0.344202669366,MAPS_MUS-grieg_walzer_SptkBGCl
116,0.824192296368,0.684579127573,0.59734993986,0.0731246387123,0.242296233714,0.0729023077949,0.388323180221,0.8650124468,0.718484592467,0.646048659563,0.0392191738183,0.242296233714,0.0729023077949,0.354417715327,MAPS_MUS-chpn_op7_2_SptkBGAm
117,0.731815390743,0.708362783525,0.562375656787,0.0987759429416,0.192861273533,0.16081411039,0.452451326865,0.772922647991,0.748152669794,0.613340356884,0.0589860566729,0.192861273533,0.16081411039,0.412661440596,MAPS_MUS-schub_d960_3_AkPnCGdD
118,0.65731241199,0.449759119064,0.364330713051,0.177288368892,0.372952512044,0.0571920165175,0.607432897454,0.824381412191,0.564074328975,0.503563529123,0.0629731589814,0.372952512044,0.0571920165175,0.493117687543,MAPS_MUS-scn15_9_ENSTDkAm
119,0.777111545699,0.310084881144,0.284759123298,0.06189035388,0.628024764976,0.0270471226544,0.71696224151,0.846721523191,0.337860818481,0.318387734573,0.0341144165434,0.628024764976,0.0270471226544,0.689186304173,MAPS_MUS-liz_et6_StbgTGd2
120,0.846254497874,0.527591305382,0.481444146338,0.0532281912272,0.41918050339,0.0426233408678,0.515032035485,0.875749645622,0.545979843986,0.506727235445,0.0348396526232,0.41918050339,0.0426233408678,0.496643496881,MAPS_MUS-ty_september_AkPnStgb
121,0.78551159618,0.524361146021,0.458686508189,0.0971531610295,0.378485692949,0.0460266287817,0.521665482761,0.838199181446,0.559532265996,0.504989068433,0.0619820410542,0.378485692949,0.0460266287817,0.486494362785,MAPS_MUS-chpn_op7_1_ENSTDkAm
122,0.685280870396,0.33103980936,0.287352985663,0.11001379882,0.558946391821,0.042018112717,0.710978303357,0.792657008599,0.382910185224,0.348049057169,0.058143422955,0.558946391821,0.042018112717,0.659107927493,MAPS_MUS-waldstein_1_ENSTDkAm
123,0.67227262203,0.78276107149,0.566565554432,0.0739896576232,0.143249270887,0.307599931378,0.524838859888,0.683891473195,0.796289488518,0.582056931979,0.0604612405951,0.143249270887,0.307599931378,0.51131044286,MAPS_MUS-bach_847_SptkBGCl
124,0.782216982181,0.494473506581,0.434636968184,0.0679913376083,0.437535155811,0.0696788165148,0.575205309934,0.840544568772,0.531344920688,0.482690342361,0.031119923501,0.437535155811,0.0696788165148,0.538333895826,MAPS_MUS-gra_esp_3_SptkBGAm
125,0.795974929353,0.36034935214,0.329879957659,0.0802853862555,0.559365261604,0.0120797113334,0.651730359193,0.906184334469,0.410242742332,0.393528898119,0.0303919960636,0.559365261604,0.0120797113334,0.601836969001,MAPS_MUS-alb_se3_AkPnBsdf
126,0.765579578488,0.418690149417,0.371112456652,0.0987666588004,0.482543191783,0.0294362401103,0.610746090693,0.849677507267,0.464682722045,0.429383005096,0.0527740861724,0.482543191783,0.0294362401103,0.564753518065,MAPS_MUS-scn16_4_ENSTDkAm
127,0.871919512965,0.523267882188,0.485917648361,0.051381486676,0.425350631136,0.0254838709677,0.50221598878,0.899753444186,0.539971949509,0.509329999537,0.0346774193548,0.425350631136,0.0254838709677,0.485511921459,MAPS_MUS-mz_333_2_ENSTDkCl
128,0.94557809453,0.419530643737,0.409639603546,0.0213003184344,0.559169037829,0.00284539429672,0.58331475056,0.963390362076,0.427433525702,0.420601762455,0.0133974364692,0.559169037829,0.00284539429672,0.575411868595,MAPS_MUS-gra_esp_4_AkPnBcht
129,0.96785636719,0.352716143841,0.348632226771,0.00728174550827,0.640002110651,0.00443236683112,0.65171622299,0.977991746905,0.356409782867,0.353573952417,0.00358810648234,0.640002110651,0.00443236683112,0.648022583964,MAPS_MUS-chpn-p4_AkPnBsdf
130,0.878812945921,0.535606251575,0.498767605634,0.0300762540963,0.434317494328,0.043783085455,0.50817683388,0.899829386827,0.548415049156,0.516860439218,0.0172674565163,0.434317494328,0.043783085455,0.495368036299,MAPS_MUS-ty_mai_AkPnBcht
131,0.908504919825,0.358876772475,0.346358576254,0.0268390556395,0.614284171885,0.00930324623911,0.650426473764,0.953717201166,0.376736486,0.369972432318,0.00897934211473,0.614284171885,0.00930324623911,0.632566760239,MAPS_MUS-bk_xmas4_StbgTGd2
132,0.710062192518,0.285714285714,0.255863931698,0.0813591924776,0.632926521808,0.0353057622814,0.749591476567,0.819107955073,0.329592036828,0.307229649746,0.037481441364,0.632926521808,0.0353057622814,0.705713725454,MAPS_MUS-schub_d760_3_ENSTDkAm
133,0.763315372582,0.348881549828,0.314824107737,0.0730312212727,0.578087228899,0.0351480485286,0.686266498701,0.825540684826,0.377322302044,0.349457110123,0.0445904690568,0.578087228899,0.0351480485286,0.657825746485,MAPS_MUS-liz_et_trans5_AkPnCGdD
134,0.608320326801,0.520304568528,0.389738651655,0.183746456589,0.295948974883,0.151262443141,0.630957874613,0.716091488911,0.61248269497,0.49281262432,0.091568330147,0.295948974883,0.151262443141,0.538779748171,MAPS_MUS-deb_pass_SptkBGAm
135,0.827053435115,0.581244635193,0.518253482321,0.0669957081545,0.351759656652,0.0545493562232,0.47330472103,0.869374045802,0.610987124464,0.559613192342,0.0372532188841,0.351759656652,0.0545493562232,0.44356223176,MAPS_MUS-scn15_11_StbgTGd2
136,0.751000307787,0.54205358333,0.459475745707,0.0891278268983,0.368818589772,0.0905940374106,0.548540454081,0.8054170514,0.58133025281,0.509739753779,0.0498511574177,0.368818589772,0.0905940374106,0.5092637846,MAPS_MUS-mz_545_3_ENSTDkCl
137,0.836515712749,0.257691203428,0.245335650906,0.0411669869034,0.701141809669,0.00919484382017,0.751503640393,0.88918628271,0.273916532314,0.264874638723,0.0249416580166,0.701141809669,0.00919484382017,0.735278311506,MAPS_MUS-liz_et6_AkPnCGdD
138,0.912018853103,0.25277825657,0.246760952541,0.0239587774764,0.723262965953,0.00042637733487,0.747648120765,0.959708038754,0.265995953951,0.263058262009,0.0107410800954,0.723262965953,0.00042637733487,0.734430423384,MAPS_MUS-mendel_op62_5_ENSTDkAm
139,0.832840911821,0.354247765006,0.330732395978,0.0404802043423,0.605272030651,0.0306206896552,0.676372924649,0.900026422618,0.382825031928,0.367209933652,0.0119029374202,0.605272030651,0.0306206896552,0.647795657727,MAPS_MUS-scn16_3_StbgTGd2
140,0.878669689247,0.512874460653,0.478954962699,0.0420299979453,0.445095541401,0.0287898089172,0.515915348264,0.909660522944,0.530963632628,0.504367988383,0.0239408259708,0.445095541401,0.0287898089172,0.497826176289,MAPS_MUS-chp_op18_AkPnCGdD
141,0.893563519567,0.52383370909,0.493068106293,0.0459455441865,0.430220746723,0.0164507098085,0.492617000718,0.942798580002,0.552696776751,0.534764421752,0.0170824765255,0.430220746723,0.0164507098085,0.463753933058,MAPS_MUS-scn16_4_SptkBGCl
142,0.860833630634,0.571329913181,0.523021621719,0.0594711917916,0.369198895028,0.0328926598264,0.461562746646,0.904328695445,0.600197316496,0.564362314001,0.0306037884767,0.369198895028,0.0328926598264,0.432695343331,MAPS_MUS-burg_quelle_SptkBGAm
143,0.879622176591,0.531900944661,0.49581014639,0.0312503104171,0.436848744922,0.0415412581578,0.509640313496,0.906907597536,0.548400234427,0.519174707066,0.0147510206514,0.436848744922,0.0415412581578,0.493141023731,MAPS_MUS-ty_dezember_AkPnBsdf
144,0.875527375298,0.367227039462,0.349006059266,0.0405490810729,0.592223879465,0.0116591248072,0.644432085345,0.932978133513,0.391323912329,0.380624062554,0.0164522082059,0.592223879465,0.0116591248072,0.620335212478,MAPS_MUS-bk_xmas1_ENSTDkCl
145,0.832179977022,0.51148736308,0.463661535713,0.0459987190646,0.442513917856,0.0571494260424,0.545662062963,0.863093488658,0.530487905014,0.48931335868,0.0269981771304,0.442513917856,0.0571494260424,0.526661521029,MAPS_MUS-ty_november_SptkBGCl
146,0.713522758443,0.24315972375,0.221532018495,0.08799432543,0.66884595082,0.00963357233977,0.76647384859,0.836762024622,0.285158140149,0.27013089837,0.0459959090309,0.66884595082,0.00963357233977,0.724475432191,MAPS_MUS-pathetique_1_ENSTDkCl
147,0.907898426166,0.323923936115,0.313618313281,0.0281542503219,0.647921813563,0.0047061484394,0.680782212325,0.957441880311,0.341600264449,0.336490961984,0.0104779219875,0.647921813563,0.0047061484394,0.66310588399,MAPS_MUS-bk_xmas2_SptkBGCl
148,0.940683615921,0.587817373191,0.56680816876,0.020188031301,0.391994595508,0.0168777796543,0.429060406463,0.953837006072,0.596036705511,0.579325213128,0.011968698981,0.391994595508,0.0168777796543,0.420841074143,MAPS_MUS-mz_332_2_StbgTGd2
149,0.926528269396,0.411785964838,0.398764796706,0.0229384128064,0.565275622356,0.00971534258807,0.59792937775,0.963359801014,0.428155360446,0.421294843636,0.00656901719849,0.565275622356,0.00971534258807,0.581559982142,MAPS_MUS-burg_perlen_SptkBGCl
150,0.884852428202,0.645356041233,0.595357095083,0.0457014051831,0.308942553584,0.0382800348,0.392923993567,0.905944441432,0.660739237036,0.618323341475,0.0303182093802,0.308942553584,0.0382800348,0.377540797764,MAPS_MUS-bach_846_AkPnBcht
151,0.78000973635,0.377972014949,0.341561108057,0.0826142557392,0.539413729312,0.0239871869685,0.64601517202,0.867790617233,0.420508299914,0.395190366732,0.0400779707734,0.539413729312,0.0239871869685,0.603478887054,MAPS_MUS-scn16_4_ENSTDkCl
152,0.845612717487,0.49913554889,0.457448537378,0.0686980036351,0.432166447475,0.0224313980465,0.523295849157,0.906020778571,0.534792310079,0.506685147073,0.0330412424453,0.432166447475,0.0224313980465,0.487639087967,MAPS_MUS-br_im2_AkPnCGdD
153,0.885042646141,0.561651792787,0.523463838374,0.0615197760997,0.376828431114,0.0114326450863,0.4497808523,0.91861868109,0.582959286054,0.554330906352,0.0402122828326,0.376828431114,0.0114326450863,0.428473359033,MAPS_MUS-chpn-p4_ENSTDkAm
154,0.854147825372,0.482950979709,0.446157479977,0.0552727610813,0.46177625921,0.0271947562931,0.544243776585,0.915810244183,0.517816051879,0.49428679195,0.0204076889106,0.46177625921,0.0271947562931,0.509378704414,MAPS_MUS-grieg_wanderer_SptkBGAm
155,0.90089369081,0.455274688237,0.433560148928,0.0430064037749,0.501718907988,0.00707785642063,0.551803168183,0.959717220221,0.485001685204,0.475325361697,0.0132794068082,0.501718907988,0.00707785642063,0.522076171217,MAPS_MUS-chpn-p7_SptkBGCl
156,0.880973796246,0.312416271504,0.299763323268,0.0388712867076,0.648712441789,0.00333850766581,0.690922236162,0.928344426456,0.329215131733,0.321056779063,0.0220724264784,0.648712441789,0.00333850766581,0.674123375933,MAPS_MUS-bor_ps5_AkPnStgb
157,0.612278227303,0.722178443219,0.495553953377,0.0534979423868,0.224323614395,0.403817529113,0.681639085894,0.632840917527,0.746432011207,0.520865155496,0.029244374398,0.224323614395,0.403817529113,0.657385517906,MAPS_MUS-grieg_elfentanz_SptkBGAm
158,0.800065535755,0.421353758745,0.3812137444,0.0729580119738,0.505688229281,0.0323372847832,0.610983526038,0.86940740554,0.457872588974,0.428408187599,0.0364391817446,0.505688229281,0.0323372847832,0.574464695809,MAPS_MUS-waldstein_2_AkPnCGdD
159,0.670925636547,0.327853389031,0.282436249661,0.130620311728,0.541526299241,0.0301846112384,0.702331222207,0.786285504182,0.384224947222,0.347893281275,0.0742487535373,0.541526299241,0.0301846112384,0.645959664017,MAPS_MUS-chpn-p16_AkPnStgb
160,0.744165132114,0.662409941677,0.539541093551,0.0597720428468,0.277818015477,0.167956390805,0.505546449129,0.759282257719,0.675866275302,0.55660199661,0.0463157092212,0.277818015477,0.167956390805,0.492090115503,MAPS_MUS-chpn_op25_e2_AkPnBcht
161,0.770064454524,0.549689864358,0.472188067217,0.0829186831164,0.367391452525,0.0812146411288,0.53152477677,0.822893291955,0.587400313544,0.521474063204,0.0452082339309,0.367391452525,0.0812146411288,0.493814327585,MAPS_MUS-scn16_5_SptkBGAm
162,0.839918148906,0.290934015648,0.275649327887,0.0382361073789,0.670829876973,0.0172136478524,0.726279632204,0.891940815363,0.308953823027,0.297806925341,0.0202163000004,0.670829876973,0.0172136478524,0.708259824826,MAPS_MUS-schu_143_1_ENSTDkAm
163,0.876999534089,0.506144683902,0.472596243258,0.0497052145162,0.444150101581,0.0212823168546,0.515137632952,0.898241617919,0.5184041748,0.48964810129,0.0374457236187,0.444150101581,0.0212823168546,0.502878142055,MAPS_MUS-mz_331_2_ENSTDkCl
164,0.861410871303,0.560970848516,0.514532975231,0.0487213690786,0.390307782405,0.0415311035919,0.480560255075,0.88676558753,0.577482431026,0.537822892205,0.0322097865695,0.390307782405,0.0415311035919,0.464048672566,MAPS_MUS-mendel_op53_5_AkPnCGdD
165,0.736035901767,0.713985092848,0.568434110906,0.083258369209,0.202756537943,0.172797661119,0.458812568271,0.769023134118,0.745984064769,0.609435695538,0.0512593972884,0.202756537943,0.172797661119,0.42681359635,MAPS_MUS-schub_d960_3_SptkBGCl
166,0.8073533361,0.410562645876,0.373930053483,0.0799399116055,0.509497442519,0.0180265183493,0.607463872474,0.882278264691,0.448664150569,0.423322010074,0.0418384069126,0.509497442519,0.0180265183493,0.569362367781,MAPS_MUS-schuim-1_AkPnStgb
167,0.800560787979,0.480785837651,0.429359142438,0.0724093264249,0.446804835924,0.047366148532,0.566580310881,0.849449996405,0.510146804836,0.467846677754,0.0430483592401,0.446804835924,0.047366148532,0.537219343696,MAPS_MUS-scn15_11_ENSTDkCl
168,0.869778299393,0.574558899955,0.529049060985,0.0294691464256,0.39597195362,0.0565528169914,0.481993917037,0.886196267588,0.58540429556,0.544472706238,0.01862375082,0.39597195362,0.0565528169914,0.471148521431,MAPS_MUS-mz_570_1_StbgTGd2
169,0.833759590793,0.350140787831,0.327291474467,0.0610061249964,0.588853087172,0.0088072222706,0.658666434439,0.909144950577,0.381799181399,0.367767046757,0.0293477314291,0.588853087172,0.0088072222706,0.627008040872,MAPS_MUS-mond_1_AkPnBsdf
170,0.859867455861,0.546000642467,0.501386430678,0.0403790555734,0.41362030196,0.048602634115,0.502601991648,0.894925886579,0.568262126566,0.532719005029,0.0181175714745,0.41362030196,0.048602634115,0.480340507549,MAPS_MUS-schumm-3_AkPnStgb
171,0.776665042879,0.27848096124,0.257833889942,0.0436546944943,0.677864344266,0.036424271474,0.757943310234,0.841114295748,0.301589880657,0.285334368407,0.020545775077,0.677864344266,0.036424271474,0.734834390817,MAPS_MUS-liz_rhap09_StbgTGd2
172,0.658433437978,0.44827951671,0.363701506227,0.143573800608,0.408146682682,0.088974069102,0.640694552392,0.714915808318,0.486734261287,0.407618343195,0.105119056031,0.408146682682,0.088974069102,0.602239807815,MAPS_MUS-pathetique_3_ENSTDkAm
173,0.832257035797,0.567131474104,0.508954690242,0.0583484244839,0.374520101413,0.0559579862369,0.488826512133,0.862287065827,0.587595074248,0.537184199199,0.037884824339,0.374520101413,0.0559579862369,0.468362911988,MAPS_MUS-ty_februar_AkPnCGdD
174,0.946171415838,0.34590083806,0.339225349651,0.016715375294,0.637383786646,0.00296324959523,0.657062411535,0.972883763683,0.355666323839,0.352175162463,0.00694988951458,0.637383786646,0.00296324959523,0.647296925756,MAPS_MUS-chpn_op27_2_SptkBGCl
175,0.887943556755,0.242211203188,0.235027243167,0.0287551510211,0.729033645791,0.00181134809582,0.759600144908,0.963975928616,0.262951138885,0.260392376682,0.008015215324,0.729033645791,0.00181134809582,0.738860209211,MAPS_MUS-schu_143_2_AkPnCGdD
176,0.649814677539,0.635770234987,0.4735306828,0.161299680882,0.202930084131,0.181317087322,0.545546852335,0.728984432913,0.713228894691,0.563746847053,0.0838410211778,0.202930084131,0.181317087322,0.468088192631,MAPS_MUS-scn15_3_AkPnBcht
177,0.784467252143,0.48202327547,0.425651624756,0.076197906508,0.441778818022,0.0562382159808,0.574214940511,0.854089514337,0.524803328782,0.481622911695,0.0334178531955,0.441778818022,0.0562382159808,0.531434887198,MAPS_MUS-chpn-p1_AkPnBcht
178,0.738755111313,0.422859371952,0.367852497031,0.09271178727,0.484428840778,0.0568233534881,0.633963981536,0.837005906406,0.479097587933,0.438213606089,0.0364735712893,0.484428840778,0.0568233534881,0.577725765555,MAPS_MUS-chpn-p1_AkPnBsdf
179,0.761707612389,0.221329429256,0.206996836988,0.0484945467752,0.730176023969,0.0207460874105,0.799416658155,0.838183025427,0.243550894874,0.232613596948,0.0262730811572,0.730176023969,0.0207460874105,0.777195192537,MAPS_MUS-liz_et_trans5_StbgTGd2
180,0.919958843742,0.426365795724,0.411115063288,0.0249406175772,0.548693586698,0.012155402001,0.585789606277,0.953058570014,0.441706254949,0.432301297969,0.00960015835313,0.548693586698,0.012155402001,0.570449147052,MAPS_MUS-bk_xmas4_SptkBGCl
181,0.725199600798,0.338712459155,0.300184245749,0.0951415399962,0.566146000848,0.033207012441,0.694494553286,0.805898203593,0.376403630211,0.345116290997,0.0574503689409,0.566146000848,0.033207012441,0.65680338223,MAPS_MUS-waldstein_1_AkPnStgb
182,0.815291813964,0.381568022044,0.351207527089,0.0682711409891,0.550160836967,0.0181748848309,0.636606862787,0.899386277319,0.420925412241,0.401995970466,0.0289137507919,0.550160836967,0.0181748848309,0.59724947259,MAPS_MUS-liz_et1_SptkBGAm
183,0.834076936589,0.504676473089,0.458631946993,0.0713799846952,0.423943542216,0.0290153898478,0.524338916759,0.887475847532,0.536986650795,0.502756383466,0.0390698069892,0.423943542216,0.0290153898478,0.492028739053,MAPS_MUS-ty_maerz_ENSTDkCl
184,0.895878460137,0.560481873662,0.526204494205,0.0380003551435,0.401517771194,0.0271404405649,0.466658566902,0.913192214039,0.571313750596,0.5418845847,0.0271684782101,0.401517771194,0.0271404405649,0.455826689969,MAPS_MUS-hay_40_1_AkPnBcht
185,0.778417266187,0.385936305732,0.347734263808,0.0708789808917,0.543184713376,0.0389808917197,0.653044585987,0.856628982528,0.424713375796,0.396527117031,0.032101910828,0.543184713376,0.0389808917197,0.614267515924,MAPS_MUS-chpn_op25_e3_ENSTDkAm
186,0.865884746427,0.339407186779,0.322455648713,0.0431110684089,0.617481744812,0.0094590699462,0.670051883167,0.919454861877,0.360405457341,0.349375034927,0.0221127978478,0.617481744812,0.0094590699462,0.649053612606,MAPS_MUS-bk_xmas1_AkPnStgb
187,0.707360929722,0.364150134466,0.316473168542,0.0904139221265,0.545435943407,0.0602369723662,0.6960868379,0.787178468003,0.405240285302,0.365225867641,0.0493237712905,0.545435943407,0.0602369723662,0.654996687064,MAPS_MUS-liz_et2_SptkBGAm
188,0.72569580783,0.232507714736,0.21372451652,0.071463986798,0.696028298466,0.0164211024857,0.78391338775,0.804319205451,0.257698085561,0.24249493395,0.0462736159726,0.696028298466,0.0164211024857,0.758723016924,MAPS_MUS-liz_et6_ENSTDkCl
189,0.759992172594,0.65843010935,0.545087719298,0.124819869458,0.216750021192,0.0831143511062,0.424684241756,0.804412699966,0.69691446978,0.595933603943,0.0863355090277,0.216750021192,0.0831143511062,0.386199881326,MAPS_MUS-chpn-p12_AkPnBcht
190,0.862412342216,0.414492753623,0.388783510369,0.0546006066734,0.530906639703,0.0115267947422,0.597034041119,0.94095371669,0.4522413212,0.439761405349,0.0168520390967,0.530906639703,0.0115267947422,0.559285473542,MAPS_MUS-chpn-p7_AkPnCGdD
191,0.673637989181,0.244041835275,0.218238880721,0.0855687981993,0.670389366526,0.0326638213432,0.788621986069,0.788755347321,0.285745913435,0.265432733505,0.043864720039,0.670389366526,0.0326638213432,0.746917907908,MAPS_MUS-liz_rhap09_ENSTDkAm
192,0.897666419106,0.726326775887,0.670785138451,0.0179644506294,0.255708773483,0.0648364855462,0.338509709659,0.904741429856,0.732051363148,0.679665247394,0.012239863369,0.255708773483,0.0648364855462,0.332785122399,MAPS_MUS-grieg_walzer_AkPnBcht
193,0.834673815907,0.432099644128,0.398033109326,0.0464768683274,0.521423487544,0.0391103202847,0.607010676157,0.851928232625,0.44103202847,0.409631784227,0.0375444839858,0.521423487544,0.0391103202847,0.598078291815,MAPS_MUS-muss_5_AkPnBcht
194,0.85826372595,0.319808635197,0.303765512476,0.0442321277444,0.635959237059,0.00858203996559,0.688773404769,0.917146879399,0.341749840879,0.331514991146,0.0222909220622,0.635959237059,0.00858203996559,0.666832199087,MAPS_MUS-chpn_op66_ENSTDkAm
195,0.785390403109,0.698639244714,0.586645824029,0.0467621116085,0.254598643677,0.144142546873,0.445503302159,0.808610294484,0.71929435752,0.614650405272,0.0261069988032,0.254598643677,0.144142546873,0.424848189353,MAPS_MUS-mz_545_3_StbgTGd2
196,0.930691402816,0.479339240994,0.46281829511,0.0317761510306,0.488884607975,0.00392024658062,0.524581005587,0.97881094425,0.504122519746,0.498680361686,0.00699287227894,0.488884607975,0.00392024658062,0.499797726835,MAPS_MUS-chpn-p15_AkPnCGdD
197,0.905441597176,0.658688865765,0.616294485644,0.0334093475325,0.307901786703,0.0353798126951,0.37669094693,0.926593219307,0.67407620608,0.639904159398,0.0180220072177,0.307901786703,0.0353798126951,0.361303606615,MAPS_MUS-bor_ps6_StbgTGd2
198,0.902227197283,0.446562989569,0.425949886105,0.0343127889649,0.519124221467,0.0140804707501,0.567517481181,0.941289998842,0.465897367315,0.45274121382,0.0149784112185,0.519124221467,0.0140804707501,0.548183103435,MAPS_MUS-scn15_7_AkPnBcht
199,0.91566027748,0.357321291314,0.345935789332,0.0255380476556,0.61714066103,0.00737413528055,0.650052843966,0.956260540926,0.373164873174,0.366902363105,0.00969446579554,0.61714066103,0.00737413528055,0.634209262106,MAPS_MUS-bk_xmas1_AkPnBsdf
200,0.795931065537,0.308892588662,0.286224459754,0.0507190198707,0.640388391467,0.0284780163567,0.719585427694,0.869835032134,0.337573951337,0.321341184939,0.0220376571962,0.640388391467,0.0284780163567,0.69090406502,MAPS_MUS-waldstein_3_SptkBGCl
201,0.848517462197,0.409182914382,0.381327034849,0.0437434043216,0.547073681297,0.0293064373821,0.620123523001,0.883011354464,0.425816999118,0.403077099437,0.0271093195855,0.547073681297,0.0293064373821,0.603489438264,MAPS_MUS-mz_570_1_ENSTDkCl
202,0.805027659655,0.353618924034,0.325722681974,0.0734942846044,0.572886791361,0.0121498648637,0.658530940829,0.904000301057,0.39709395069,0.381026401567,0.0300192579491,0.572886791361,0.0121498648637,0.615055914174,MAPS_MUS-schumm-2_SptkBGAm
203,0.792303897385,0.409148809692,0.369516310461,0.0981968466046,0.492654343703,0.00905822741812,0.599909417726,0.866743408431,0.447589662298,0.41877218073,0.0597559939989,0.492654343703,0.00905822741812,0.56146856512,MAPS_MUS-scn15_12_ENSTDkCl
204,0.811934150053,0.667163462753,0.577864324082,0.0568115795589,0.276024957688,0.0977214742213,0.430558011468,0.841492844736,0.691451739207,0.611771673781,0.0325233031046,0.276024957688,0.0977214742213,0.406269735014,MAPS_MUS-mz_333_3_StbgTGd2
205,0.791446479046,0.455961483999,0.407053915682,0.0955111866327,0.448527329368,0.0246389124894,0.568677428491,0.869485068207,0.500920419145,0.46588963519,0.0505522514868,0.448527329368,0.0246389124894,0.523718493345,MAPS_MUS-chpn-p14_AkPnBcht
206,0.887989189419,0.422813861587,0.401405436084,0.0395278143682,0.537658324045,0.0138058567231,0.590991995136,0.929443936073,0.442552436924,0.428168088976,0.0197892390313,0.537658324045,0.0138058567231,0.571253419799,MAPS_MUS-scn16_2_AkPnBcht
207,0.855663097578,0.20264275027,0.19594483768,0.0322297226765,0.765127527054,0.00195292111765,0.799310170848,0.955352715385,0.226251783291,0.223884515565,0.00862068965517,0.765127527054,0.00195292111765,0.775701137827,MAPS_MUS-bk_xmas2_AkPnStgb
208,0.820329173449,0.304551894552,0.285507456204,0.0585454618706,0.636902643577,0.0081583594647,0.703606464912,0.895749683487,0.332552189999,0.320160836765,0.0305451664238,0.636902643577,0.0081583594647,0.675606169466,MAPS_MUS-schuim-3_AkPnStgb
209,0.837604077773,0.510687366408,0.464678259312,0.0302621217235,0.459050511869,0.0687507031162,0.558063336708,0.856078603224,0.521951288109,0.479845382149,0.0189982000225,0.459050511869,0.0687507031162,0.546799415007,MAPS_MUS-gra_esp_3_SptkBGCl
210,0.838784073325,0.258886255924,0.246615074348,0.037115617767,0.703998126309,0.012642823028,0.753756567104,0.911305201762,0.281269517616,0.273774881209,0.0147323560748,0.703998126309,0.012642823028,0.731373305412,MAPS_MUS-liz_rhap02_AkPnCGdD
211,0.781566933235,0.475886643906,0.420023052857,0.0731516203056,0.450961735789,0.0598496296711,0.583962985765,0.829641204768,0.505158485849,0.457683271074,0.0438797783623,0.450961735789,0.0598496296711,0.554691143822,MAPS_MUS-alb_se7_AkPnBsdf
212,0.823654277475,0.560247364263,0.500243249818,0.0366959980385,0.403056637699,0.0832538752826,0.52300651102,0.850368471644,0.578418285341,0.524985782459,0.0185250769608,0.403056637699,0.0832538752826,0.504835589942,MAPS_MUS-grieg_butterfly_AkPnBsdf
213,0.860982987285,0.390487659532,0.367327871629,0.0503550677857,0.559157272682,0.0126942940855,0.622206634553,0.922135691116,0.418222674678,0.403957190395,0.0226200526394,0.559157272682,0.0126942940855,0.594471619407,MAPS_MUS-schuim-1_StbgTGd2
214,0.801896757601,0.593480736221,0.51759352582,0.0677758705664,0.338743393212,0.0788395846434,0.485358848422,0.835698539543,0.6184973063,0.551442511667,0.0427593004878,0.338743393212,0.0788395846434,0.460342278343,MAPS_MUS-ty_september_SptkBGAm
215,0.917860535448,0.324394321421,0.315242794079,0.0226718373164,0.652933841263,0.00635825476869,0.681963933348,0.952174165907,0.336521596141,0.330927980919,0.0105445625959,0.652933841263,0.00635825476869,0.669836658627,MAPS_MUS-chpn_op27_1_AkPnCGdD
216,0.777446782101,0.405956316028,0.363691789571,0.0974139607233,0.496629723248,0.0187957741915,0.612839458163,0.857196052877,0.447598677815,0.416538496336,0.0557715989371,0.496629723248,0.0187957741915,0.571197096377,MAPS_MUS-chpn_op10_e12_AkPnCGdD
217,0.880866597137,0.354166666667,0.337977699765,0.0296012503812,0.616232082952,0.0182982616651,0.664131594998,0.924006826586,0.37151189387,0.36049716093,0.0122560231778,0.616232082952,0.0182982616651,0.646786367795,MAPS_MUS-ty_juli_AkPnBsdf
218,0.791802278275,0.457177421249,0.408117260975,0.0901905052735,0.452632073477,0.0300204364473,0.572843015198,0.869385679414,0.501973174227,0.466771512511,0.0453947522962,0.452632073477,0.0300204364473,0.528047262221,MAPS_MUS-gra_esp_2_AkPnStgb
219,0.805242440508,0.208537020476,0.198524027561,0.048815409637,0.742647569887,0.00162177440655,0.79308475393,0.899964215423,0.233067516785,0.227181984065,0.0242849133277,0.742647569887,0.00162177440655,0.768554257621,MAPS_MUS-chpn_op35_3_AkPnStgb
220,0.479910195866,0.390414409875,0.274340591255,0.198513666709,0.411071923416,0.224587479531,0.834173069656,0.55214058992,0.449174959063,0.32922494576,0.139753117521,0.411071923416,0.224587479531,0.775412520469,MAPS_MUS-grieg_kobold_ENSTDkAm
221,0.890774957395,0.383775637372,0.366527652193,0.0441305754944,0.572093787134,0.00292722512583,0.619151587754,0.931451251233,0.401300344891,0.389788679529,0.0266058679754,0.572093787134,0.00292722512583,0.601626880235,MAPS_MUS-chpn-p15_ENSTDkAm
222,0.761316872428,0.391356905409,0.348586810229,0.0737814618141,0.534861632776,0.0489142166386,0.657557311229,0.820273788528,0.421663860467,0.386001659882,0.0434745067565,0.534861632776,0.0489142166386,0.627250356171,MAPS_MUS-scn15_11_ENSTDkAm
223,0.741297948886,0.219413367261,0.203807419587,0.0582806673028,0.722305965436,0.0182913618491,0.798877994588,0.847825071252,0.250943839803,0.240128096549,0.0267501947606,0.722305965436,0.0182913618491,0.767347522046,MAPS_MUS-liz_rhap02_ENSTDkAm
224,0.697480205745,0.274661750816,0.245424411274,0.107750429568,0.617587819616,0.0113792828776,0.736717532061,0.882910477952,0.347682609042,0.332357964125,0.0347295713424,0.617587819616,0.0113792828776,0.663696673836,MAPS_MUS-chpn-e01_SptkBGAm
225,0.851736928454,0.646165918069,0.580834245409,0.0619622273933,0.291871854538,0.0505168028573,0.404350884788,0.871567158856,0.661210022187,0.602504992727,0.0469181232751,0.291871854538,0.0505168028573,0.38930678067,MAPS_MUS-mond_2_SptkBGCl
226,0.954173861223,0.27308429035,0.269549039329,0.0120877102448,0.714827999405,0.00102771776683,0.727943427417,0.981510627569,0.280908065179,0.279429421591,0.00426393541559,0.714827999405,0.00102771776683,0.720119652588,MAPS_MUS-bk_xmas5_AkPnCGdD
227,0.723678079304,0.332409238233,0.294970470394,0.0915669527285,0.576023809038,0.0353568298102,0.702947591577,0.836798544389,0.384369203172,0.357564782069,0.0396069877897,0.576023809038,0.0353568298102,0.650987626638,MAPS_MUS-schumm-1_ENSTDkAm
228,0.748294204473,0.555707224256,0.468190768266,0.111641951563,0.332650824182,0.0752828276561,0.5195756034,0.818837552566,0.608094972183,0.53598512469,0.0592542036359,0.332650824182,0.0752828276561,0.467187855474,MAPS_MUS-scn16_7_SptkBGAm
229,0.798105837057,0.646710541298,0.555786053976,0.100585248104,0.252704210598,0.0630109534762,0.416300412179,0.844925947784,0.684649192722,0.608221561368,0.0626465966798,0.252704210598,0.0630109534762,0.378361760754,MAPS_MUS-bor_ps6_ENSTDkCl
230,0.725226852967,0.628249943479,0.507459122324,0.0845376602146,0.287212396306,0.153492982731,0.525243039251,0.758150646431,0.656771186588,0.543006269052,0.0560164171058,0.287212396306,0.153492982731,0.496721796143,MAPS_MUS-mz_311_1_StbgTGd2
231,0.810276679842,0.4845040305,0.435139676804,0.07558769326,0.43990827624,0.0378571529058,0.553353122406,0.876505740636,0.524105623004,0.488065293717,0.0359861007555,0.43990827624,0.0378571529058,0.513751529902,MAPS_MUS-alb_esp4_AkPnStgb
232,0.702526091453,0.362672210852,0.314391708042,0.12290778478,0.514420004368,0.0306602056418,0.66798799479,0.788243959006,0.40692322005,0.366823213687,0.0786567755819,0.514420004368,0.0306602056418,0.623736985592,MAPS_MUS-mond_3_AkPnStgb
233,0.591984181307,0.49070163273,0.366685509704,0.108050179663,0.401248187606,0.230158229843,0.739456597113,0.634877176972,0.526256067579,0.403987611305,0.072495744815,0.401248187606,0.230158229843,0.703902162264,MAPS_MUS-grieg_kobold_AkPnStgb
234,0.839727665839,0.523117190784,0.475628821568,0.0596270681288,0.417255741087,0.0402162699171,0.517099079133,0.876406906492,0.545966909938,0.506936067551,0.0367773489741,0.417255741087,0.0402162699171,0.494249359979,MAPS_MUS-scn15_7_SptkBGAm
235,0.806390863253,0.434904166439,0.393785969978,0.0676896193961,0.497406214165,0.0367280074264,0.601823840987,0.860670676144,0.464178452465,0.431736341427,0.0384153333697,0.497406214165,0.0367280074264,0.572549554961,MAPS_MUS-pathetique_1_SptkBGCl
236,0.822199025748,0.576082064361,0.512265079127,0.0810329307629,0.342885004876,0.0435451203961,0.467463056035,0.876184358439,0.613907433801,0.564900776531,0.0432075613232,0.342885004876,0.0435451203961,0.429637686595,MAPS_MUS-alb_esp2_SptkBGAm
237,0.910021247994,0.590556055831,0.557975060488,0.0513563710041,0.358087573165,0.00703511931562,0.416479063485,0.974545769915,0.632429085997,0.622152091465,0.00948334083746,0.358087573165,0.00703511931562,0.374606033318,MAPS_MUS-chpn-p6_SptkBGCl
238,0.745582814288,0.634828724498,0.521795213949,0.134449916121,0.230721359381,0.0821743600844,0.447345635586,0.806311173255,0.686536067969,0.589343367477,0.08274257265,0.230721359381,0.0821743600844,0.395638292115,MAPS_MUS-mond_2_SptkBGAm
239,0.83493846977,0.298631709884,0.281984098301,0.0532963352789,0.648071954837,0.00574107740886,0.707109367525,0.907704654896,0.324657927471,0.314283067803,0.0272701176921,0.648071954837,0.00574107740886,0.681083149938,MAPS_MUS-chpn-p19_ENSTDkCl
240,0.91796042618,0.420542500523,0.405309139785,0.0234293284987,0.556028170978,0.0141552193013,0.593612718778,0.938102486048,0.429770122957,0.417919218859,0.0142017060642,0.556028170978,0.0141552193013,0.584385096344,MAPS_MUS-grieg_wanderer_AkPnBsdf
241,0.708367832056,0.466058657107,0.3910299885,0.117296641889,0.416644701003,0.0745778199519,0.608519162845,0.76031623087,0.500237229163,0.432097266283,0.0831180698332,0.416644701003,0.0745778199519,0.574340590788,MAPS_MUS-mz_311_1_ENSTDkCl
242,0.419015951039,0.338920288443,0.230569329904,0.240693821867,0.42038588969,0.229234067433,0.89031377899,0.575345766469,0.465367374781,0.34638929991,0.114246735529,0.42038588969,0.229234067433,0.763866692653,MAPS_MUS-chpn_op25_e4_ENSTDkAm
243,0.870141780686,0.332720431432,0.31698089356,0.0391625358974,0.62811703267,0.0104919959435,0.677771564511,0.954714455681,0.365058904928,0.35884512186,0.00682406240226,0.62811703267,0.0104919959435,0.645433091016,MAPS_MUS-ty_juni_AkPnBsdf
244,0.967864168467,0.418435563363,0.41270179588,0.0114324752006,0.570131961436,0.00246077057671,0.584025207214,0.98590731723,0.426236136381,0.423654945436,0.00363190218263,0.570131961436,0.00246077057671,0.576224634196,MAPS_MUS-schumm-6_AkPnBcht
245,0.769865976341,0.192663785539,0.182172045345,0.039821883995,0.767514330466,0.0177705977383,0.825106812199,0.859701150179,0.215145600813,0.207847921758,0.0173400687206,0.767514330466,0.0177705977383,0.802624996925,MAPS_MUS-liz_rhap09_ENSTDkCl
246,0.947522872432,0.248310367602,0.244941854757,0.013498964054,0.738190668343,0.000253331765089,0.751942964163,0.969135163128,0.253974142065,0.251936349521,0.00783518959168,0.738190668343,0.000253331765089,0.7462791897,MAPS_MUS-mendel_op62_5_SptkBGAm
247,0.902745870255,0.277550745842,0.269492660146,0.0255621142559,0.696887139902,0.00433883255133,0.726788086709,0.948200415709,0.291525822781,0.28695580202,0.0115870373173,0.696887139902,0.00433883255133,0.712813009771,MAPS_MUS-deb_clai_ENSTDkCl
248,0.91962505832,0.203407321238,0.199854363115,0.0174962943505,0.779096384412,0.00028144173218,0.796874120495,0.957797853841,0.211850573203,0.20989134577,0.00905304238512,0.779096384412,0.00028144173218,0.788430868529,MAPS_MUS-bor_ps1_AkPnCGdD
249,0.88789009498,0.671153846154,0.618721191349,0.0382741617357,0.29057199211,0.0464694280079,0.375315581854,0.907668823714,0.686104536489,0.641343326235,0.0233234714004,0.29057199211,0.0464694280079,0.360364891519,MAPS_MUS-mz_331_2_StbgTGd2
250,0.708552449488,0.752885817219,0.574861056532,0.0709751733941,0.176139009387,0.238707938142,0.485822120922,0.728203708829,0.773766634806,0.600376518912,0.0500943558072,0.176139009387,0.238707938142,0.464941303336,MAPS_MUS-bach_847_AkPnBcht
251,0.857901469049,0.380972872487,0.358359509083,0.0346151198017,0.584412007711,0.0284873313137,0.647514458827,0.905267646033,0.402007022859,0.385777998018,0.0135809694299,0.584412007711,0.0284873313137,0.626480308455,MAPS_MUS-br_im5_AkPnBsdf
252,0.716218945668,0.292567360505,0.262175607592,0.102578911388,0.604853728106,0.0133424483157,0.72077508781,0.850939204201,0.3475990665,0.327648653453,0.0475472053936,0.604853728106,0.0133424483157,0.665743381816,MAPS_MUS-chpn-e01_ENSTDkCl
253,0.76511893369,0.596766070722,0.504366596487,0.0879707903162,0.315263138962,0.0952282456203,0.498462174898,0.821120963,0.640445699486,0.562031410307,0.0442911615526,0.315263138962,0.0952282456203,0.454782546135,MAPS_MUS-chpn_op33_4_SptkBGAm
254,0.845308562386,0.32825817317,0.309656712252,0.0522081498424,0.619533676988,0.00786308446842,0.679604911298,0.933159467854,0.362373263237,0.3532054126,0.0180930597754,0.619533676988,0.00786308446842,0.645489821231,MAPS_MUS-chpn-e01_StbgTGd2
255,0.721578721579,0.472433994061,0.399592737146,0.135863895354,0.391702110585,0.046424845518,0.573990851457,0.823496966354,0.53916218602,0.483310553198,0.0691357033946,0.391702110585,0.046424845518,0.507262659498,MAPS_MUS-chpn-p3_AkPnBcht
256,0.84566747119,0.393057464726,0.366749716206,0.0385362847798,0.568406250494,0.0331958730309,0.640138408304,0.877009892239,0.407625096775,0.385583404325,0.023968652731,0.568406250494,0.0331958730309,0.625570776256,MAPS_MUS-ty_mai_ENSTDkAm
257,0.864722417428,0.446226745802,0.417109217871,0.0598474500465,0.493925804151,0.00996047239716,0.563733726595,0.925040993207,0.477353222044,0.45957615185,0.0287209738054,0.493925804151,0.00996047239716,0.532607250354,MAPS_MUS-chpn-p13_AkPnBcht
258,0.923444764224,0.397529734675,0.384846751425,0.0183935651113,0.584076700213,0.0145623665752,0.6170326319,0.942572503874,0.405763952425,0.395974777255,0.010159347362,0.584076700213,0.0145623665752,0.608798414151,MAPS_MUS-ty_juli_AkPnBcht
259,0.688731639931,0.495909709112,0.405114088618,0.122343340844,0.381746950044,0.101780240749,0.605870531636,0.761044233317,0.547977183688,0.467534941721,0.0702758662688,0.381746950044,0.101780240749,0.553803057061,MAPS_MUS-mz_331_3_AkPnBsdf
260,0.711305389874,0.616519522213,0.493127147766,0.132382795902,0.251097681885,0.117841461687,0.501321939474,0.768336193044,0.665950616118,0.554592278053,0.0829517019971,0.251097681885,0.117841461687,0.451890845569,MAPS_MUS-bach_850_AkPnBsdf
261,0.763999519673,0.28102799679,0.258580631177,0.0692153095254,0.649756693684,0.0175946170778,0.736566620288,0.835067846135,0.307169622415,0.289600077736,0.0430736839006,0.649756693684,0.0175946170778,0.710424994663,MAPS_MUS-liz_et6_AkPnBsdf
262,0.845443218768,0.478879785183,0.440331106961,0.0480411732305,0.473079041586,0.0395035802809,0.560623795098,0.900720211505,0.510190030295,0.483027231394,0.016730928119,0.473079041586,0.0395035802809,0.529313549986,MAPS_MUS-br_im5_AkPnCGdD
263,0.89968185905,0.551932623361,0.519934451128,0.0390131104417,0.409054266197,0.0225295939582,0.470596970597,0.925478940452,0.56775849633,0.542937131033,0.023187237473,0.409054266197,0.0225295939582,0.454771097628,MAPS_MUS-ty_maerz_StbgTGd2
264,0.741480824752,0.300090624296,0.271666840187,0.0835721613204,0.616337214384,0.0210551980164,0.720964573721,0.828059287549,0.335130485185,0.31332685327,0.048532300431,0.616337214384,0.0210551980164,0.685924712831,MAPS_MUS-appass_3_AkPnStgb
265,0.938608957795,0.38653696084,0.377005509475,0.0229143019296,0.59054873723,0.00236769296254,0.615830732123,0.980900086133,0.403953249149,0.40080066869,0.00549801362089,0.59054873723,0.00236769296254,0.598414443814,MAPS_MUS-alb_se2_StbgTGd2
266,0.900071890726,0.457011287696,0.434942946474,0.0474813275678,0.495507384736,0.00325714606615,0.54624585837,0.947962174418,0.48132756781,0.468937217891,0.0231650474532,0.495507384736,0.00325714606615,0.521929578256,MAPS_MUS-scn15_12_StbgTGd2
267,0.659322785746,0.459714418269,0.371474986462,0.179906180731,0.360379401,0.0576318366926,0.597917418424,0.768963477747,0.536161657817,0.461774107619,0.103458941183,0.360379401,0.0576318366926,0.521470178875,MAPS_MUS-scn15_6_ENSTDkAm
268,0.88414192614,0.50460503011,0.47330822904,0.0370763962687,0.458318573621,0.0290471130004,0.524442082891,0.921692355436,0.526036131775,0.503532071207,0.0156452946038,0.458318573621,0.0290471130004,0.503010981226,MAPS_MUS-chpn-p11_AkPnCGdD
269,0.857510471133,0.567258239768,0.518394704179,0.0408547627671,0.391886997465,0.0534045635639,0.486146323796,0.876344821922,0.579717493662,0.535882284012,0.0283955088736,0.391886997465,0.0534045635639,0.473687069902,MAPS_MUS-ty_februar_SptkBGCl
